Владислав, 5225215874, /names Влад Марина
Владислав, 5225215874, /play
Владислав, 5225215874, /names Влад Марина
Владислав, 5225215874, /play
Владислав, 5225215874, /names Влад Марина
Владислав, 5225215874, /play
Владислав, 5225215874, /play
Владислав, 5225215874, /names Влад Марина
Владислав, 5225215874, /play
Владислав, 5225215874, /names Влад Марина
Владислав, 5225215874, /play
Владислав, 5225215874, /names Влад Марина
Владислав, 5225215874, /play
Владислав, 5225215874, /names Влад Марина
Владислав, 5225215874, /play
Владислав, 5225215874, /names Влад Марина
Владислав, 5225215874, /play
Владислав, 5225215874, /names Влад Марина
Владислав, 5225215874, /play
Владислав, 5225215874, /names Влад Марина
Владислав, 5225215874, /play
Владислав, 5225215874, /names Влад Марина
Владислав, 5225215874, /play
Владислав, 5225215874, /names Влад Марина
Владислав, 5225215874, /play
Владислав, 5225215874, /start
Владислав, 5225215874, 1
Владислав, 5225215874, 2
Владислав, 5225215874, 56
Владислав, 5225215874, 28
Владислав, 5225215874, 27
Владислав, 5225215874, /stop
